FirstName,SecondName,4-LetterCode
Abert's,Towhee,ABTO
Acadian,Flycatcher,ACFL
Acorn,Woodpecker,ACWO
Adelaide's,Warbler,ADWA
African,Collared-Dove,AFCD
African,Silverbill,AFSI
Agami,Heron,AGHE
Ainley's,Storm-Petrel,AISP
Akekee,,AKEK
Akiapolaau,,AKIA
Akikiki,,AKIK
Akohekohe,,AKOH
Alder,Flycatcher,ALFL
Aleutian,Tern,ALTE
Allen's,Hummingbird,ALHU
Alpine,Swift,ALSW
Altamira,Oriole,ALOR
Altamira,Yellowthroat,ALYE
Amaui,,AMAU
Amazon,Kingfisher,AMKI
American,Avocet,AMAV
American,Bittern,AMBI
American Black,Duck,ABDU
American,Coot,AMCO
American,Crow,AMCR
American,Dipper,AMDI
American,Flamingo,AMFL
American,Golden-Plover,AMGP
American,Goldfinch,AMGO
American,Kestrel,AMKE
American,Oystercatcher,AMOY
American,Pipit,AMPI
American Pygmy,Kingfisher,APKI
American,Redstart,AMRE
American,Robin,AMRO
American Three-toed,Woodpecker,ATTW
American Tree,Sparrow,ATSP
American White,Pelican,AWPE
American,Wigeon,AMWI
American,Woodcock,AMWO
Amethyst-throated,Mountain-gem,ATMG
Ancient,Murrelet,ANMU
Anhinga,,ANHI
Anianiau,,ANIA
Anna's,Hummingbird,ANHU
Antillean Crested,Hummingbird,ANCH
Antillean,Euphonia,ANEU
Antillean,Mango,ANMA
Antillean,Nighthawk,ANNI
Antillean,Palm-Swift,ANPS
Antillean,Piculet,ANPI
Antillean,Siskin,ANSI
Apapane,,APAP
Aplomado,Falcon,APFA
Arctic,Loon,ARLO
Arctic,Tern,ARTE
Arctic,Warbler,ARWA
Arizona,Woodpecker,ARWO
Arrowhead,Warbler,ARRW
Ash-throated,Flycatcher,ATFL
Ashy,Storm-Petrel,ASSP
Ashy-faced,Owl,AFOW
Ashy-throated,Chlorospingus,ATCH
Asian Brown,Flycatcher,ABFL
Asian,Rosy-Finch,ASRF
Atitlan,Grebe,ATGR
Atlantic,Puffin,ATPU
Audubon's,Oriole,AUOR
Audubon's,Shearwater,AUSH
Aztec,Rail,AZRA
Aztec,Thrush,AZTH
Azure,Gallinule,AZGA
Azure-crowned,Hummingbird,AZCH
Azure-hooded,Jay,AHJA
Azure-rumped,Tanager,ARTA
Bachman's,Sparrow,BACS
Bachman's,Warbler,BAWA
Bahama,Mockingbird,BAMO
Bahama,Oriole,BAHO
Bahama,Swallow,BAHS
Bahama,Warbler,BAHW
Bahama,Woodstar,BAWO
Bahama,Yellowthroat,BAYE
Baikal,Teal,BATE
Baird's,Junco,BAJU
Baird's,Sandpiper,BASA
Baird's,Sparrow,BAIS
Baird's,Trogon,BATR
Bald,Eagle,BAEA
Balsas,Screech-Owl,BASO
Baltimore,Oriole,BAOR
Bananaquit,,BANA
Band-backed,Wren,BABW
Band-rumped,Storm-Petrel,BSTP
Band-rumped,Swift,BRSW
Band-tailed,Barbthroat,BTBA
Band-tailed,Pigeon,BTPI
Banded,Quail,BAQU
Banded,Wren,BANW
Bank,Swallow,BANS
Bar-tailed,Godwit,BTGO
Bar-winged,Oriole,BWOR
Barbados,Bullfinch,BABU
Barbuda,Warbler,BARW
Bare-crowned,Antbird,BACA
Bare-legged,Owl,BLOW
Bare-necked,Umbrellabird,BNUM
Bare-shanked,Screech-Owl,BSSO
Bare-throated,Tiger-Heron,BTTH
Barn,Owl,BANO
Barn,Swallow,BARS
Barnacle,Goose,BARG
Barolo,Shearwater,BASH
Barred,Antshrike,BAAN
Barred,Becard,BABE
Barred,Forest-Falcon,BAFF
Barred,Hawk,BAHA
Barred,Owl,BADO
Barred,Parakeet,BAPA
Barred,Puffbird,BAPU
Barrow's,Goldeneye,BAGO
Bat,Falcon,BAFA
Bay,Wren,BAYW
Bay-breasted,Cuckoo,BBRC
Bay-breasted,Warbler,BBWA
Bay-headed,Tanager,BHTA
Bearded,Screech-Owl,BESO
Bearded,Wood-Partridge,BEWP
Beautiful,Hummingbird,BEAH
Beautiful,Treerunner,BETR
Bee,Hummingbird,BEEH
Belcher's,Gull,BEGU
Belding's,Yellowthroat,BEYE
Bell's,Sparrow,BESP
Bell's,Vireo,BEVI
Belted,Flycatcher,BEFL
Belted,Kingfisher,BEKI
Bendire's,Thrasher,BETH
Bermuda,Petrel,BEPE
Berylline,Hummingbird,BEHU
Bewick's,Wren,BEWR
Bicknell's,Thrush,BITH
Bicolored,Antbird,BIAN
Bicolored,Hawk,BIHA
Bicolored,Wren,BIWR
Bishop's,Oo,BIOO
Black,Antshrike,BLAN
Black,Catbird,BLCA
Black,Francolin,BLFR
Black,Guan,BLAG
Black,Guillemot,BLGU
Black,Hawk-Eagle,BLHE
Black,Kite,BLAK
Black,Mamo,BLMA
Black,Noddy,BLNO
Black,Oropendola,BLOR
Black,Oystercatcher,BLOY
Black,Phoebe,BLPH
Black,Rail,BLRA
Black,Rosy-Finch,BLRF
Black,Scoter,BLSC
Black,Skimmer,BLSK
Black,Storm-Petrel,BLSP
Black,Swift,BLSW
Black,Tern,BLTE
Black,Thrush,BLTH
Black,Turnstone,BLTU
Black,Vulture,BLVU
Black-and-white,Becard,BAWB
Black-and-white,Hawk-Eagle,BAWH
Black-and-white,Owl,BLWO
Black-and-white,Warbler,BAWW
Black-and-yellow,Silky-flycatcher,BAYS
Black-and-yellow,Tanager,BAYT
Black-backed,Oriole,BBOR
Black-backed,Woodpecker,BBWO
Black-banded,Woodcreeper,BBNW
Black-bellied,Hummingbird,BLBH
Black-bellied,Plover,BBPL
Black-bellied,Storm-Petrel,BBSP
Black-bellied,Whistling-Duck,BBWD
Black-bellied,Wren,BBEW
Black-billed,Cuckoo,BBCU
Black-billed,Flycatcher,BLBF
Black-billed,Magpie,BBMA
Black-billed,Nightingale-Thrush,BBNT
Black-billed,Parrot,BBPA
Black-breasted,Puffbird,BBPU
Black-breasted,Wood-Quail,BBWQ
Black-browed,Albatross,BBAL
Black-capped,Chickadee,BCCH
Black-capped,Donacobius,BCDO
Black-capped,Flycatcher,BCAF
Black-capped,Gnatcatcher,BCGN
Black-capped,Petrel,BCPE
Black-capped,Pygmy-Tyrant,BPYT
Black-capped,Siskin,BCSI
Black-capped,Swallow,BCSW
Black-capped,Vireo,BCVI
Black-cheeked,Ant-Tanager,BCAT
Black-cheeked,Warbler,BCWA
Black-cheeked,Woodpecker,BCWO
Black-chested,Jay,BCHJ
Black-chested,Sparrow,BCHS
Black-chinned,Hummingbird,BCHU
Black-chinned,Sparrow,BCSP
Black-collared,Hawk,BCHA
Black-cowled,Oriole,BCOR
Black-crested,Coquette,BCCO
Black-crested,Titmouse,BCTI
Black-crowned,Antpitta,BCAP
Black-crowned,Antshrike,BCAS
Black-crowned,Night-Heron,BCNH
Black-crowned,Palm-Tanager,BPLT
Black-crowned,Tityra,BCRT
Black-eared,Wood-Quail,BEWQ
Black-faced,Antthrush,BFAN
Black-faced,Grassquit,BFGR
Black-faced,Grosbeak,BFAG
Black-faced,Solitaire,BFSO
Black-footed,Albatross,BFAL
Black-headed,Antthrush,BHEA
Black-headed,Brushfinch,BHBR
Black-headed,Grosbeak,BHGR
Black-headed,Gull,BHGU
Black-headed,Nightingale-Thrush,BHNT
Black-headed,Saltator,BHSA
Black-headed,Siskin,BHSI
Black-headed,Tody-Flycatcher,BHTF
Black-headed,Trogon,BHTR
Black-hooded,Antshrike,BHOA
Black-legged,Kittiwake,BLKI
Black-necked,Stilt,BNST
Black-polled,Yellowthroat,BPYE
Black-rumped,Waxbill,BRUW
Black-striped,Sparrow,BSTS
Black-striped,Woodcreeper,BSWO
Black-tailed,Flycatcher,BTFL
Black-tailed,Gnatcatcher,BTGN
Black-tailed,Godwit,BLTG
Black-tailed,Gull,BTGU
Black-tailed,Trogon,BTAT
Black-thighed,Grosbeak,BTGG
Black-throated Blue,Warbler,BTBW
Black-throated,Bobwhite,BTBO
Black-throated Gray,Warbler,BTYW
Black-throated Green,Warbler,BTNW
Black-throated,Jay,BTJA
Black-throated,Magpie-Jay,BTMJ
Black-throated,Mango,BTMA
Black-throated,Shrike-Tanager,BTST
Black-throated,Sparrow,BTSP
Black-throated,Trogon,BTHT
Black-throated,Wren,BTWR
Black-tipped,Cotinga,BTCO
Black-vented,Oriole,BVOR
Black-vented,Shearwater,BVSH
Black-whiskered,Vireo,BWVI
Black-winged,Petrel,BWPE
Black-winged,Stilt,BWST
Blackburnian,Warbler,BLBW
Blackpoll,Warbler,BLPW
Blue,Bunting,BLBU
Blue,Cotinga,BLCO
Blue,Dacnis,BLDA
Blue,Grosbeak,BLGR
Blue Ground,Dove,BGDO
Blue,Jay,BLJA
Blue,Mockingbird,BLMO
Blue Mountain,Vireo,BMVI
Blue,Seedeater,BLSE
Blue-and-gold,Tanager,BAGT
Blue-and-white,Mockingbird,BAWM
Blue-and-white,Swallow,BAWS
Blue-and-yellow,Macaw,BAYM
Blue-black,Grassquit,BGRA
Blue-black,Grosbeak,BGRO
Blue-capped,Hummingbird,BCAH
Blue-capped,Motmot,BCMO
Blue-chested,Hummingbird,BCHH
Blue-crowned,Chlorophonia,BCRC
Blue-crowned,Manakin,BCRM
Blue-footed,Booby,BFBO
Blue-fronted,Parrotlet,BFPA
Blue-gray,Gnatcatcher,BGGN
Blue-gray,Noddy,BGNO
Blue-gray,Tanager,BGTA
Blue-headed,Hummingbird,BHHU
Blue-headed,Parrot,BHEP
Blue-headed,Quail-Dove,BHQD
Blue-headed,Vireo,BHVI
Blue-tailed,Hummingbird,BTAH
Blue-throated,Goldentail,BTRG
Blue-throated,Motmot,BTMO
Blue-throated,Mountain-gem,BTMG
Blue-vented,Hummingbird,BVHU
Blue-winged,Teal,BWTE
Blue-winged,Warbler,BWWA
Bluethroat,,BLUE
Blyth's Reed,Warbler,BREW
Boat-billed,Flycatcher,BOBF
Boat-billed,Heron,BBHE
Boat-tailed,Grackle,BTGR
Bobolink,,BOBO
Bohemian,Waxwing,BOWA
Bonaparte's,Gull,BOGU
Bonin,Petrel,BOPE
Boreal,Chickadee,BOCH
Boreal,Owl,BOOW
Botteri's,Sparrow,BOSP
Boucard's,Wren,BOWR
Brace's,Emerald,BREM
Brambling,,BRAM
Bran-colored,Flycatcher,BCOF
Brandt's,Cormorant,BRAC
Brant,,BRAN
Brewer's,Blackbird,BRBL
Brewer's,Sparrow,BRSP
Bridled,Quail-Dove,BRQD
Bridled,Sparrow,BRIS
Bridled,Tern,BRTE
Bridled,Titmouse,BRTI
Bright-rumped,Attila,BRAT
Bristle-thighed,Curlew,BTCU
Broad-billed,Hummingbird,BBIH
Broad-billed,Motmot,BBMO
Broad-billed,Sandpiper,BBIS
Broad-billed,Tody,BBTO
Broad-tailed,Hummingbird,BTHU
Broad-winged,Hawk,BWHA
Bronze,Mannikin,BRMA
Bronze-olive,Pygmy-Tyrant,BOPT
Bronze-tailed,Plumeleteer,BTPL
Bronzed,Cowbird,BROC
Bronzy,Hermit,BRHE
Brown,Booby,BRBO
Brown,Creeper,BRCR
Brown,Jay,BRJA
Brown,Noddy,BRNO
Brown,Pelican,BRPE
Brown,Shrike,BROS
Brown,Thrasher,BRTH
Brown,Trembler,BRTR
Brown,Violetear,BRVI
Brown-backed,Solitaire,BBSO
Brown-billed,Scythebill,BBSC
Brown-capped,Rosy-Finch,BCRF
Brown-capped,Tyrannulet,BCTY
Brown-capped,Vireo,BCAV
Brown-chested,Martin,BCMA
Brown-crested,Flycatcher,BCFL
Brown-headed,Cowbird,BHCO
Brown-headed,Nuthatch,BHNU
Brown-hooded,Parrot,BHOP
Brown-throated,Parakeet,BTPA
Brownish,Twistwing,BRTW
Bryan's,Shearwater,BRYS
Buff-bellied,Hummingbird,BBEH
Buff-breasted,Flycatcher,BBFL
Buff-breasted,Sandpiper,BBSA
Buff-breasted,Wren,BBRW
Buff-collared,Nightjar,BCNI
Buff-fronted,Foliage-gleaner,BFFG
Buff-fronted,Quail-Dove,BFQD
Buff-necked,Ibis,BNIB
Buff-rumped,Warbler,BURW
Buff-throated,Foliage-gleaner,BTFG
Buff-throated,Saltator,BTSA
Bufflehead,,BUFF
Buffy,Tuftedcheek,BUTU
Buffy-crowned,Wood-Partridge,BCWP
Buller's,Shearwater,BULS
Bullock's,Oriole,BUOR
Bulwer's,Petrel,BUPE
Bumblebee,Hummingbird,BUHU
Burrowing,Owl,BUOW
Bushtit,,BUSH
Bushy-crested,Jay,BCRJ
Cabanis's,Ground-Sparrow,CAGS
Cabanis's,Wren,CABW
Cackling,Goose,CACG
Cactus,Wren,CACW
California,Condor,CACO
California,Gnatcatcher,CAGN
California,Gull,CAGU
California,Quail,CAQU
California,Scrub-Jay,CASJ
California,Thrasher,CATH
California,Towhee,CALT
Calliope,Hummingbird,CAHU
Canada,Goose,CANG
Canada,Jay,CAJA
Canada,Warbler,CAWA
Canebrake,Wren,CAKW
Canivet's,Emerald,CAEM
Canvasback,,CANV
Canyon,Towhee,CANT
Canyon,Wren,CANW
Cape May,Warbler,CMWA
Cape Verde,Shearwater,CVSH
Capped,Heron,CAHE
Carib,Grackle,CAGR
Caribbean,Dove,CADO
Caribbean,Elaenia,CAEL
Caribbean,Martin,CAMA
Carmiol's,Tanager,CATA
Carolina,Chickadee,CACH
Carolina,Parakeet,CAPA
Carolina,Wren,CARW
Caspian,Tern,CATE
Cassia,Crossbill,CACR
Cassin's,Auklet,CAAU
Cassin's,Finch,CAFI
Cassin's,Kingbird,CAKI
Cassin's,Sparrow,CASP
Cassin's,Vireo,CAVI
Cattle,Egret,CAEG
Cattle,Tyrant,CATY
Cave,Swallow,CASW
Cedar,Waxwing,CEDW
Central American,Pygmy-Owl,CAPO
Cerulean,Warbler,CERW
Chapman's,Swift,CHAS
Charming,Hummingbird,CHHU
Chatham,Albatross,CHAL
Checker-throated,Antwren,CTAN
Chestnut,Munia,CHMU
Chestnut-backed,Antbird,CBAN
Chestnut-backed,Chickadee,CBCH
Chestnut-bellied,Cuckoo,CBCU
Chestnut-bellied,Sandgrouse,CBSA
Chestnut-capped,Brushfinch,CCBR
Chestnut-collared,Longspur,CCLO
Chestnut-collared,Swift,CCSW
Chestnut-colored,Woodpecker,CCOW
Chestnut-fronted,Macaw,CFMA
Chestnut-headed,Oropendola,CHOR
Chestnut-sided,Shrike-Vireo,CSSV
Chestnut-sided,Warbler,CSWA
Chihuahuan,Raven,CHRA
Chimney,Swift,CHSW
Chinese,Egret,CHEG
Chinese,Pond-Heron,CHPH
Chinese,Sparrowhawk,CHIS
Chipping,Sparrow,CHSP
Chiriqui,Foliage-gleaner,CHFG
Chiriqui,Quail-Dove,CHQD
Choco,Screech-Owl,CHSO
Choco,Sirystes,CHSI
Choco,Tapaculo,CHTA
Choco,Tinamou,CHTI
Christmas,Shearwater,CHSH
Chuck-will's-widow,,CWWI
Chukar,,CHUK
Cinereous,Becard,CIRB
Cinnamon,Becard,CIMB
Cinnamon,Hummingbird,CIHU
Cinnamon,Teal,CITE
Cinnamon,Woodpecker,CIWO
Cinnamon-bellied,Flowerpiercer,CBFL
Cinnamon-rumped,Seedeater,CRSE
Cinnamon-tailed,Sparrow,CTSP
Citreoline,Trogon,CITR
Citrine,Wagtail,CIWA
Clapper,Rail,CLRA
Clarion,Wren,CLWR
Clark's,Grebe,CLGR
Clark's,Nutcracker,CLNU
Clay-colored,Sparrow,CCSP
Clay-colored,Thrush,CCTH
Cliff,Swallow,CLSW
Cocoa,Thrush,COCT
Cocoa,Woodcreeper,COWO
Cocoi,Heron,COHE
Cocos,Cuckoo,COCC
Cocos,Finch,COFI
Cocos,Flycatcher,COCF
Coiba,Spinetail,COSP
Colima,Pygmy-Owl,CPYO
Colima,Warbler,COLW
Collared,Aracari,COAR
Collared,Forest-Falcon,COFF
Collared,Plover,COPL
Collared,Pratincole,COPR
Collared,Redstart,COLR
Collared,Towhee,COTO
Collared,Trogon,COTR
Colombian,Crake,COLC
Comb,Duck,CODU
Common Black,Hawk,COBH
Common,Chaffinch,CCHA
Common,Chiffchaff,CCHI
Common,Chlorospingus,COCL
Common,Crane,CCRA
Common,Cuckoo,COCU
Common,Eider,COEI
Common,Gallinule,COGA
Common,Goldeneye,COGO
Common,Grackle,COGR
Common,Greenshank,COMG
Common Ground,Dove,CGDO
Common,House-Martin,COHM
Common,Loon,COLO
Common,Merganser,COME
Common,Moorhen,COMO
Common,Murre,COMU
Common,Myna,COMY
Common,Nighthawk,CONI
Common,Pauraque,COPA
Common,Pochard,COMP
Common,Poorwill,COPO
Common,Potoo,CPOT
Common,Raven,CORA
Common,Redpoll,CORE
Common,Redshank,CREH
Common,Redstart,CRET
Common Ringed,Plover,CRPL
Common,Rosefinch,CORO
Common,Sandpiper,COSA
Common,Scoter,COSC
Common,Shelduck,COMS
Common,Snipe,COSN
Common,Swift,COSW
Common,Tern,COTE
Common,Tody-Flycatcher,COTF
Common,Waxbill,COMW
Common,Yellowthroat,COYE
Connecticut,Warbler,CONW
Cook's,Petrel,COPE
Cooper's,Hawk,COHA
Coppery-headed,Emerald,CHEM
Cordilleran,Flycatcher,COFL
Corn,Crake,CORC
Cory's,Shearwater,CORS
Costa Rican,Brushfinch,CRBR
Costa Rican,Pygmy-Owl,CRPO
Costa Rican,Swift,CRSW
Costa Rican,Warbler,CRWA
Costa's,Hummingbird,COHU
Couch's,Kingbird,COKI
Cozumel,Emerald,COEM
Cozumel,Thrasher,COZT
Cozumel,Vireo,COVI
Crane,Hawk,CRHA
Craveri's,Murrelet,CRMU
Crescent-chested,Warbler,CCWA
Crested,Auklet,CRAU
Crested,Bobwhite,CRBO
Crested,Caracara,CRCA
Crested,Eagle,CREA
Crested,Guan,CRGU
Crested,Oropendola,CROR
Crested,Owl,CROW
Crested,Quail-Dove,CRQD
Crimson-backed,Tanager,CBTA
Crimson-bellied,Woodpecker,CBWO
Crimson-collared,Grosbeak,CCGR
Crimson-collared,Tanager,CCTA
Crimson-crested,Woodpecker,CCRW
Crimson-fronted,Parakeet,CFPA
Crissal,Thrasher,CRTH
Crowned Slaty,Flycatcher,CSFL
Crowned,Woodnymph,CRWO
Cuban Black,Hawk,CUBH
Cuban,Blackbird,CUBL
Cuban,Bullfinch,CUBU
Cuban,Crow,CUCR
Cuban,Emerald,CUEM
Cuban,Gnatcatcher,CUGN
Cuban,Grassquit,CUGR
Cuban Green,Woodpecker,CGWO
Cuban,Macaw,CUBM
Cuban,Martin,CUMA
Cuban,Oriole,CUOR
Cuban,Parakeet,CPAK
Cuban,Parrot,CPAT
Cuban,Pewee,CUPE
Cuban,Pygmy-Owl,CUPO
Cuban,Solitaire,CUSO
Cuban,Tody,CUTO
Cuban,Trogon,CUTR
Cuban,Vireo,CUVI
Curlew,Sandpiper,CUSA
Curve-billed,Thrasher,CBTH
Dark,Pewee,DAPE
Dark-billed,Cuckoo,DBCU
Dark-eyed,Junco,DEJU
Dark-sided,Flycatcher,DSFL
Dickcissel,,DICK
Dot-winged,Antwren,DWAN
Double-banded,Graytail,DBGR
Double-crested,Cormorant,DCCO
Double-striped,Thick-knee,DSTK
Double-toothed,Kite,DTKI
Dovekie,,DOVE
Downy,Woodpecker,DOWO
Dull-mantled,Antbird,DMAN
Dunlin,,DUNL
Dusky,Antbird,DUAN
Dusky,Flycatcher,DUFL
Dusky,Grouse,DUGR
Dusky,Hummingbird,DUHU
Dusky,Nightjar,DUNI
Dusky,Pigeon,DUPI
Dusky,Thrush,DUTH
Dusky,Warbler,DUWA
Dusky-backed,Jacamar,DBJA
Dusky-capped,Flycatcher,DCFL
Dusky-faced,Tanager,DFTA
Dwarf,Cuckoo,DWCU
Dwarf,Jay,DWJA
Dwarf,Vireo,DWVI
Eared,Dove,EADO
Eared,Grebe,EAGR
Eared,Poorwill,EAPO
Eared,Quetzal,EAQU
Eastern,Bluebird,EABL
Eastern,Chat-Tanager,EACT
Eastern,Kingbird,EAKI
Eastern,Meadowlark,EAME
Eastern,Phoebe,EAPH
Eastern,Screech-Owl,EASO
Eastern Spot-billed,Duck,ESBD
Eastern,Towhee,EATO
Eastern,Whip-poor-will,EWPW
Eastern,Wood-Pewee,EAWP
Eastern Yellow,Wagtail,EYWA
Egyptian,Goose,EGGO
Elegant,Euphonia,ELEU
Elegant,Quail,ELQU
Elegant,Tern,ELTE
Elegant,Trogon,ELTR
Elf,Owl,ELOW
Elfin-woods,Warbler,EWWA
Emerald,Tanager,EMTA
Emerald-chinned,Hummingbird,ECHU
Emperor,Goose,EMGO
Erckel's,Francolin,ERFR
Eskimo,Curlew,ESCU
Euler's,Flycatcher,EUFL
Eurasian,Blackbird,EUBB
Eurasian,Blackcap,EUBC
Eurasian,Bullfinch,EUBU
Eurasian,Collared-Dove,EUCD
Eurasian,Coot,EUCO
Eurasian,Curlew,EUCU
Eurasian,Dotterel,EUDO
Eurasian,Hobby,EHOB
Eurasian,Hoopoe,EHOO
Eurasian,Jackdaw,EUJA
Eurasian,Kestrel,EUKE
Eurasian,Oystercatcher,EUOY
Eurasian,Siskin,EUSI
Eurasian,Skylark,EUSK
Eurasian,Spoonbill,EURS
Eurasian Tree,Sparrow,ETSP
Eurasian,Wigeon,EUWI
Eurasian,Woodcock,EUWO
Eurasian,Wryneck,EUWR
European,Golden-Plover,EUGP
European,Goldfinch,EUGO
European,Robin,EURO
European,Starling,EUST
European,Storm-Petrel,EUSP
European,Turtle-Dove,EUTD
Evening,Grosbeak,EVGR
Eye-ringed,Flatbill,ERFL
Eyebrowed,Thrush,EYTH
Falcated,Duck,FADU
Fan-tailed,Warbler,FTWA
Far Eastern,Curlew,FECU
Fasciated,Antshrike,FAAN
Fasciated,Tiger-Heron,FTHE
Fea's,Petrel,FEPE
Fernandina's,Flicker,FEFL
Ferruginous,Hawk,FEHA
Ferruginous,Pygmy-Owl,FEPO
Field,Sparrow,FISP
Fieldfare,,FIEL
Fiery-billed,Aracari,FBAR
Fiery-throated,Hummingbird,FTHU
Fish,Crow,FICR
Five-striped,Sparrow,FSSP
Flame-colored,Tanager,FCTA
Flame-rumped,Tanager,FRTA
Flame-throated,Warbler,FTHW
Flammulated,Flycatcher,FLFL
Flammulated,Owl,FLOW
Flat-billed,Vireo,FBVI
Flesh-footed,Shearwater,FFSH
Florida,Scrub-Jay,FLSJ
Forest,Elaenia,FOEL
Forest,Thrush,FOTH
Fork-tailed,Flycatcher,FTFL
Fork-tailed,Storm-Petrel,FTSP
Fork-tailed,Swift,FTSW
Forster's,Tern,FOTE
Fox,Sparrow,FOSP
Franklin's,Gull,FRGU
Fulvous,Owl,FUOW
Fulvous,Whistling-Duck,FUWD
Fulvous-vented,Euphonia,FVEU
Gadwall,,GADW
Galapagos,Petrel,GAPE
Galapagos,Shearwater,GASH
Gambel's,Quail,GAQU
Garden,Emerald,GAEM
Garganey,,GARG
Garnet-throated,Hummingbird,GATH
Gartered,Trogon,GATR
Giant,Cowbird,GICO
Giant,Kingbird,GIKI
Giant,Wren,GIWR
Gila,Woodpecker,GIWO
Gilded,Flicker,GIFL
Glaucous,Gull,GLGU
Glaucous-winged,Gull,GWGU
Glossy,Ibis,GLIB
Glow-throated,Hummingbird,GLTH
Golden,Eagle,GOEA
Golden,Swallow,GOSW
Golden,Vireo,GOVI
Golden-bellied,Flycatcher,GBFL
Golden-browed,Chlorophonia,GBCH
Golden-browed,Warbler,GBWA
Golden-cheeked,Warbler,GCWA
Golden-cheeked,Woodpecker,GCHW
Golden-collared,Manakin,GCMA
Golden-crowned,Emerald,GCEM
Golden-crowned,Flycatcher,GOCF
Golden-crowned,Kinglet,GCKI
Golden-crowned,Spadebill,GCRS
Golden-crowned,Sparrow,GCSP
Golden-crowned,Warbler,GCRW
Golden-fronted,Greenlet,GFGR
Golden-fronted,Woodpecker,GFWO
Golden-green,Woodpecker,GGWO
Golden-headed,Manakin,GHMA
Golden-headed,Quetzal,GHQU
Golden-hooded,Tanager,GHOT
Golden-naped,Woodpecker,GNWO
Golden-olive,Woodpecker,GOWO
Golden-winged,Warbler,GWWA
Grace's,Warbler,GRWA
Grand Cayman,Thrush,GCAT
Grasshopper,Sparrow,GRSP
Grassland,Yellow-Finch,GRYF
Gray,Bunting,GRBU
Gray,Catbird,GRCA
Gray,Elaenia,GRAE
Gray,Flycatcher,GRFL
Gray,Francolin,GRAF
Gray,Gull,GRGU
Gray,Hawk,GRHA
Gray,Heron,GRAH
Gray,Kingbird,GRAK
Gray,Nightjar,GRNI
Gray,Partridge,GRAP
Gray,Silky-flycatcher,GRSF
Gray,Thrasher,GRAT
Gray,Trembler,GRTR
Gray,Vireo,GRVI
Gray,Wagtail,GRAW
Gray-and-gold,Tanager,GAGT
Gray-backed,Tern,GBAT
Gray-barred,Wren,GBWR
Gray-bellied,Hawk,GBEH
Gray-breasted,Crake,GBCR
Gray-breasted,Martin,GYBM
Gray-breasted,Wood-Wren,GBWW
Gray-breasted,Woodpecker,GBWO
Gray-capped,Cuckoo,GCCU
Gray-capped,Flycatcher,GCAF
Gray-cheeked,Nunlet,GCNU
Gray-cheeked,Thrush,GCTH
Gray-chested,Dove,GCDO
Gray-collared,Becard,GCBE
Gray-cowled,Wood-Rail,GCWR
Gray-crowned,Palm-Tanager,GCPT
Gray-crowned,Rosy-Finch,GCRF
Gray-crowned,Woodpecker,GRCW
Gray-crowned,Yellowthroat,GCYE
Gray-faced,Petrel,GFPE
Gray-fronted,Quail-Dove,GFQD
Gray-headed,Chachalaca,GHEC
Gray-headed,Chickadee,GHCH
Gray-headed,Dove,GHDO
Gray-headed,Kite,GHKI
Gray-headed,Piprites,GHPI
Gray-headed,Tanager,GHET
Gray-hooded,Gull,GHGU
Gray-lined,Hawk,GLHA
Gray-rumped,Swift,GRSW
Gray-streaked,Flycatcher,GSFL
Gray-tailed,Tattler,GTTA
Gray-throated,Chat,GTCH
Gray-throated,Leaftosser,GTLE
Grayish,Saltator,GRAS
Graylag,Goose,GRGO
Great,Antshrike,GANT
Great,Auk,GRAU
Great Black,Hawk,GBHA
Great Black-backed,Gull,GBBG
Great Blue,Heron,GBHE
Great,Cormorant,GRCO
Great Crested,Flycatcher,GCFL
Great Crested,Tern,GCTE
Great,Curassow,GRCU
Great,Egret,GREG
Great,Frigatebird,GREF
Great Gray,Owl,GGOW
Great Green,Macaw,GGMA
Great Horned,Owl,GHOW
Great,Jacamar,GREJ
Great,Kiskadee,GKIS
Great,Knot,GRKN
Great,Lizard-Cuckoo,GRLC
Great,Potoo,GRPO
Great,Shearwater,GRSH
Great,Skua,GRSK
Great Spotted,Woodpecker,GSWO
Great Swallow-tailed,Swift,GSTS
Great,Tinamou,GRTI
Great-tailed,Grackle,GTGR
Greater,Amakihi,GRAM
Greater,Ani,GRTA
Greater Antillean,Bullfinch,GABU
Greater Antillean,Elaenia,GAEL
Greater Antillean,Grackle,GAGR
Greater Antillean,Nightjar,GANI
Greater,Koa-Finch,GRKF
Greater Necklaced,Laughingthrush,GNLA
Greater,Pewee,GRPE
Greater,Prairie-Chicken,GRPC
Greater,Roadrunner,GRRO
Greater,Sage-Grouse,GRSG
Greater,Sand-Plover,GSAP
Greater,Scaup,GRSC
Greater White-fronted,Goose,GWFG
Greater,Yellowlegs,GRYE
Green,Hermit,GREH
Green,Heron,GRHE
Green,Honeycreeper,GRHO
Green,Ibis,GRIB
Green,Jay,GRJA
Green,Kingfisher,GKIN
Green,Manakin,GMAK
Green,Mango,GMAG
Green,Parakeet,GREP
Green,Sandpiper,GRSA
Green,Shrike-Vireo,GRSV
Green,Thorntail,GRET
Green-and-rufous,Kingfisher,GARK
Green-backed,Sparrow,GBSP
Green-breasted,Mango,GNBM
Green-breasted,Mountain-gem,GBMG
Green-crowned,Brilliant,GCBR
Green-fronted,Hummingbird,GFHU
Green-fronted,Lancebill,GFRL
Green-naped,Tanager,GNTA
Green-rumped,Parrotlet,GRUP
Green-striped,Brushfinch,GSBR
Green-tailed,Towhee,GTTO
Green-tailed,Warbler,GTWA
Green-throated,Carib,GTCA
Green-throated,Mountain-gem,GTMG
Green-winged,Teal,GWTE
Greenish,Elaenia,GREL
Greenish,Puffleg,GRPU
Grenada,Dove,GRDO
Grenada,Flycatcher,GFLY
Groove-billed,Ani,GBAN
Guadalupe,Caracara,GUCA
Guadalupe,Junco,GUJU
Guadalupe,Murrelet,GUMU
Guadalupe,Storm-Petrel,GUSP
Guadeloupe,Woodpecker,GUWO
Gull-billed,Tern,GBTE
Gundlach's,Hawk,GUHA
Gunnison,Sage-Grouse,GUSG
Gyrfalcon,,GYRF
Hairy,Woodpecker,HAWO
Hammond's,Flycatcher,HAFL
Happy,Wren,HAWR
Harlequin,Duck,HADU
Harpy,Eagle,HAEA
Harris's,Hawk,HASH
Harris's,Sparrow,HASP
Hawaii,Akepa,HAAK
Hawaii,Amakihi,HAAM
Hawaii,Creeper,HCRE
Hawaii,Elepaio,HAEL
Hawaii,Mamo,HAMA
Hawaii,Oo,HAOO
Hawaiian,Coot,HACO
Hawaiian,Crow,HCRO
Hawaiian,Duck,HAWD
Hawaiian,Goose,HAGO
Hawaiian,Hawk,HAWH
Hawaiian,Petrel,HAPE
Hawaiian,Rail,HARA
Hawfinch,,HAWF
Heermann's,Gull,HEEG
Helmeted,Guineafowl,HELG
Henslow's,Sparrow,HESP
Hepatic,Tanager,HETA
Herald,Petrel,HEPE
Hermit,Thrush,HETH
Hermit,Warbler,HEWA
Herring,Gull,HERG
Highland,Guan,HIGU
Highland,Tinamou,HITI
Himalayan,Snowcock,HISN
Hispaniolan,Crossbill,HICR
Hispaniolan,Emerald,HIEM
Hispaniolan,Lizard-Cuckoo,HILC
Hispaniolan,Oriole,HIOR
Hispaniolan,Parakeet,HPAK
Hispaniolan,Parrot,HPAT
Hispaniolan,Pewee,HIPE
Hispaniolan,Spindalis,HISP
Hispaniolan,Trogon,HITR
Hispaniolan,Woodpecker,HIWO
Hoary,Redpoll,HORE
Hoffmann's,Woodpecker,HOWO
Honduran,Emerald,HOEM
Hooded,Crow,HOCR
Hooded,Grosbeak,HOOG
Hooded,Merganser,HOME
Hooded,Oriole,HOOR
Hooded,Warbler,HOWA
Hooded,Yellowthroat,HOYE
Hook-billed,Kite,HBKI
Horned,Grebe,HOGR
Horned,Guan,HOGU
Horned,Lark,HOLA
Horned,Puffin,HOPU
House,Finch,HOFI
House,Sparrow,HOSP
House,Wren,HOWR
Hudsonian,Godwit,HUGO
Humboldt's,Sapphire,HUSA
Hutton's,Vireo,HUVI
Hwamei,,HWAM
Iceland,Gull,ICGU
Iiwi,,IIWI
Imperial,Parrot,IMPA
Imperial,Woodpecker,IMWO
Inagua,Woodstar,INWO
Inca,Dove,INDO
Inca,Tern,INTE
Indian,Peafowl,INPE
Indian,Silverbill,INSI
Indigo,Bunting,INBU
Intermediate,Egret,INEG
Island,Canary,ISCA
Island,Scrub-Jay,ISSJ
Isthmian,Wren,ISWR
Ivory,Gull,IVGU
Ivory-billed,Woodcreeper,IBIW
Ivory-billed,Woodpecker,IBWO
Jabiru,,JABI
Jack,Snipe,JASN
Jamaican,Becard,JABE
Jamaican,Blackbird,JABL
Jamaican,Crow,JACR
Jamaican,Elaenia,JAEL
Jamaican,Euphonia,JAEU
Jamaican,Lizard-Cuckoo,JALC
Jamaican,Mango,JAMA
Jamaican,Oriole,JAOR
Jamaican,Owl,JAOW
Jamaican,Pauraque,JAPA
Jamaican,Pewee,JAPE
Jamaican,Spindalis,JAMS
Jamaican,Tody,JATO
Jamaican,Vireo,JAVI
Jamaican,Woodpecker,JAWO
Japanese,Bush-Warbler,JABW
Japanese,Quail,JAQU
Japanese,White-eye,JAWE
Java,Sparrow,JASP
Jet,Antbird,JEAN
Jouanin's,Petrel,JOPE
Juan Fernandez,Petrel,JFPE
Juniper,Titmouse,JUTI
Kakawahie,,KAKA
Kalij,Pheasant,KAPH
Kamao,,KAMA
Kamchatka Leaf,Warbler,KLWA
Kauai,Akialoa,KAAK
Kauai,Amakihi,KAAM
Kauai,Elepaio,KAEL
Kauai,Nukupuu,KANU
Kauai,Oo,KAOO
Keel-billed,Motmot,KBMO
Keel-billed,Toucan,KBTO
Kelp,Gull,KEGU
Kentucky,Warbler,KEWA
Kermadec,Petrel,KEPE
Key West,Quail-Dove,KWQD
Killdeer,,KILL
King,Eider,KIEI
King,Rail,KIRA
King,Vulture,KIVU
Kioea,,KIOE
Kirtland's,Warbler,KIWA
Kittlitz's,Murrelet,KIMU
Kona,Grosbeak,KOGR
La Sagra's,Flycatcher,LSFL
La Selle,Thrush,LSTH
Labrador,Duck,LABD
Ladder-backed,Woodpecker,LBWO
Lanai,Hookbill,LANH
Lance-tailed,Manakin,LATM
Lanceolated,Monklet,LAMO
Lanceolated,Warbler,LANW
Lapland,Longspur,LALO
Large-billed,Seed-Finch,LBSF
Large-billed,Tern,LBTE
Large-footed,Finch,LFFI
Lark,Bunting,LARB
Lark,Sparrow,LASP
Lattice-tailed,Trogon,LTTR
Laughing,Falcon,LAFA
Laughing,Gull,LAGU
Lavender,Waxbill,LAVW
Lawrence's,Goldfinch,LAGO
Laysan,Albatross,LAAL
Laysan,Duck,LAYD
Laysan,Finch,LAFI
Laysan,Honeycreeper,LAYH
Laysan,Rail,LARA
Lazuli,Bunting,LAZB
LeConte's,Sparrow,LCSP
LeConte's,Thrasher,LCTH
Leach's,Storm-Petrel,LESP
Least,Auklet,LEAU
Least,Bittern,LEBI
Least,Flycatcher,LEFL
Least,Grebe,LEGR
Least,Pauraque,LEPA
Least,Sandpiper,LESA
Least,Storm-Petrel,LSTP
Least,Tern,LETE
Lemon-spectacled,Tanager,LSTA
Lesser,Akialoa,LEAK
Lesser Antillean,Bullfinch,LANB
Lesser Antillean,Flycatcher,LAFL
Lesser Antillean,Pewee,LAPE
Lesser Antillean,Saltator,LASA
Lesser Antillean,Swift,LASW
Lesser Antillean,Tanager,LATA
Lesser Black-backed,Gull,LBBG
Lesser,Elaenia,LEEL
Lesser,Frigatebird,LEFR
Lesser,Goldfinch,LEGO
Lesser,Greenlet,LESG
Lesser,Ground-Cuckoo,LEGC
Lesser,Kiskadee,LEKI
Lesser,Koa-Finch,LEKF
Lesser,Nighthawk,LENI
Lesser,Prairie-Chicken,LEPC
Lesser,Redpoll,LERE
Lesser,Roadrunner,LERO
Lesser,Sand-Plover,LSAP
Lesser,Scaup,LESC
Lesser Swallow-tailed,Swift,LSTS
Lesser,Violetear,LEVI
Lesser White-fronted,Goose,LWFG
Lesser,Whitethroat,LEWH
Lesser Yellow-headed,Vulture,LYHV
Lesser,Yellowlegs,LEYE
Lesson's,Motmot,LEMO
Lewis's,Woodpecker,LEWO
Light-mantled,Albatross,LMAL
Lilac-crowned,Parrot,LCPA
Limpkin,,LIMP
Lincoln's,Sparrow,LISP
Lineated,Foliage-gleaner,LIFG
Lineated,Woodpecker,LIWO
Lined,Seedeater,LISE
Little,Bittern,LIBI
Little Blue,Heron,LBHE
Little,Bunting,LIBU
Little,Cuckoo,LITC
Little,Curlew,LICU
Little,Egret,LIEG
Little,Gull,LIGU
Little Ringed,Plover,LRPL
Little,Stint,LIST
Little,Tern,LITE
Little,Tinamou,LITI
Loggerhead,Kingbird,LOKI
Loggerhead,Shrike,LOSH
Long-billed,Curlew,LBCU
Long-billed,Dowitcher,LBDO
Long-billed,Gnatwren,LBGN
Long-billed,Hermit,LBIH
Long-billed,Murrelet,LBMU
Long-billed,Starthroat,LBST
Long-billed,Thrasher,LBTH
Long-eared,Owl,LEOW
Long-tailed,Duck,LTDU
Long-tailed,Jaeger,LTJA
Long-tailed,Manakin,LOTM
Long-tailed,Sabrewing,LTSA
Long-tailed,Silky-flycatcher,LTSF
Long-tailed,Tyrant,LTTY
Long-tailed,Wood-Partridge,LTWP
Long-tailed,Woodcreeper,LTWO
Long-toed,Stint,LTST
Long-winged,Harrier,LWHA
Louisiana,Waterthrush,LOWA
Lovely,Cotinga,LOCO
Lucifer,Hummingbird,LUHU
Lucy's,Warbler,LUWA
MacGillivray's,Warbler,MGWA
Magenta-throated,Woodstar,MTWO
Magnificent,Frigatebird,MAFR
Magnolia,Warbler,MAWA
Maguari,Stork,MAST
Mallard,,MALL
Mangrove,Cuckoo,MACU
Mangrove,Hummingbird,MAHU
Mangrove,Rail,MARA
Mangrove,Swallow,MANS
Mangrove,Vireo,MAVI
Manx,Shearwater,MASH
Marbled,Godwit,MAGO
Marbled,Murrelet,MAMU
Marbled,Wood-Quail,MAWQ
Mariana,Swiftlet,MASW
Markham's,Storm-Petrel,MASP
Maroon-chested Ground,Dove,MCGD
Maroon-fronted,Parrot,MFPA
Marsh,Sandpiper,MASA
Marsh,Wren,MAWR
Martinique,Oriole,MAOR
Masked,Booby,MABO
Masked,Duck,MADU
Masked,Tityra,MATI
Maui,Akepa,MAAK
Maui,Alauahio,MAAL
Maui,Nukupuu,MANU
Maui,Parrotbill,MAPA
Maui-nui,Akialoa,MNAK
McCown's,Longspur,MCLO
McKay's,Bunting,MKBU
Meadow,Pipit,MEPI
Mealy,Parrot,MEAP
Melodious,Blackbird,MEBL
Merlin,,MERL
Mew,Gull,MEGU
Mexican,Chickadee,MECH
Mexican,Hermit,MEHE
Mexican,Jay,MEJA
Mexican,Parrotlet,MEXP
Mexican,Sheartail,MESH
Mexican,Violetear,MEVI
Mexican,Whip-poor-will,MWPW
Mexican,Woodnymph,MEWO
Middendorff's,Grasshopper-Warbler,MIGW
Middle American,Screech-Owl,MASO
Military,Macaw,MIMA
Millerbird,,MILL
Mississippi,Kite,MIKI
Mistle,Thrush,MITH
Mitred,Parakeet,MIPA
Monk,Parakeet,MOPA
Montezuma,Oropendola,MORO
Montezuma,Quail,MONQ
Montserrat,Oriole,MORI
Morelet's,Seedeater,MOSE
Mottled,Duck,MODU
Mottled,Owl,MOOW
Mottled,Petrel,MOPE
Mountain,Bluebird,MOBL
Mountain,Chickadee,MOCH
Mountain,Elaenia,MOEL
Mountain,Plover,MOPL
Mountain,Quail,MOUQ
Mountain,Thrush,MOTH
Mountain,Trogon,MOTR
Mourning,Dove,MODO
Mourning,Warbler,MOWA
Mouse-colored,Tyrannulet,MCTY
Moustached,Antwren,MOAN
Mugimaki,Flycatcher,MUFL
Murphy's,Petrel,MUPE
Muscovy,Duck,MUDU
Mute,Swan,MUSW
Nanday,Parakeet,NAPA
Narcissus,Flycatcher,NAFL
Narrow-billed,Tody,NBTO
Nashville,Warbler,NAWA
Nava's,Wren,NAWR
Nazca,Booby,NABO
Nelson's,Sparrow,NESP
Neotropic,Cormorant,NECO
Newell's,Shearwater,NESH
Nicaraguan,Grackle,NIGR
Nicaraguan,Seed-Finch,NISF
Nightingale,Wren,NIWR
Nihoa,Finch,NIFI
Northern,Barred-Woodcreeper,NOBW
Northern,Beardless-Tyrannulet,NOBT
Northern,Bentbill,NOBE
Northern,Bobwhite,NOBO
Northern,Boobook,NOBB
Northern,Cardinal,NOCA
Northern,Emerald-Toucanet,NOET
Northern,Flicker,NOFL
Northern,Fulmar,NOFU
Northern,Gannet,NOGA
Northern,Goshawk,NOGO
Northern,Harrier,NOHA
Northern Hawk,Owl,NHOW
Northern,Jacana,NOJA
Northern,Lapwing,NOLA
Northern,Mockingbird,NOMO
Northern,Parula,NOPA
Northern,Pintail,NOPI
Northern,Potoo,NORP
Northern,Pygmy-Owl,NOPO
Northern Red,Bishop,NRBI
Northern Rough-winged,Swallow,NRWS
Northern Saw-whet,Owl,NSWO
Northern,Schiffornis,NOSC
Northern,Scrub-Flycatcher,NOSF
Northern,Shoveler,NSHO
Northern,Shrike,NSHR
Northern,Waterthrush,NOWA
Northern,Wheatear,NOWH
Northwestern,Crow,NOCR
Nuttall's,Woodpecker,NUWO
Nutting's,Flycatcher,NUFL
Oahu,Akepa,OAKE
Oahu,Akialoa,OAKI
Oahu,Alauahio,OAAL
Oahu,Amakihi,OAAM
Oahu,Elepaio,OAEL
Oahu,Nukupuu,OANU
Oahu,Oo,OAOO
Oak,Titmouse,OATI
Oaxaca,Sparrow,OASP
Ocellated,Antbird,OCAN
Ocellated,Crake,OCCR
Ocellated,Poorwill,OCPO
Ocellated,Quail,OCQU
Ocellated,Thrasher,OCTH
Ocellated,Turkey,OCTU
Ochraceous,Pewee,OCPE
Ochraceous,Wren,OCWR
Ochre-bellied,Flycatcher,OBFL
Ochre-breasted,Antpitta,OBAN
Oilbird,,OILB
Olivaceous,Flatbill,OLFL
Olivaceous,Piculet,OLPI
Olivaceous,Woodcreeper,OLWO
Olive,Sparrow,OLSP
Olive,Warbler,OLWA
Olive-backed,Euphonia,OBAE
Olive-backed,Pipit,OBPI
Olive-backed,Quail-Dove,OBQD
Olive-capped,Warbler,OCAW
Olive-crowned,Yellowthroat,OCYE
Olive-sided,Flycatcher,OSFL
Olive-striped,Flycatcher,OSTF
Olive-throated,Parakeet,OTPA
Olomao,,OLOM
Omao,,OMAO
One-colored,Becard,OCBE
Orange,Oriole,ORAO
Orange-bellied,Euphonia,OBEE
Orange-billed,Nightingale-Thrush,OBNT
Orange-billed,Sparrow,OBSP
Orange-breasted,Bunting,OBBU
Orange-breasted,Falcon,OBFA
Orange-cheeked,Waxbill,OCHW
Orange-chinned,Parakeet,OCPA
Orange-collared,Manakin,OCMA
Orange-crowned,Oriole,OCOR
Orange-crowned,Warbler,OCWA
Orange-fronted,Parakeet,OFPA
Orangequit,,ORAN
Orchard,Oriole,OROR
Oriental,Cuckoo,ORCU
Oriental,Greenfinch,ORGR
Oriental,Plover,ORPL
Oriental,Pratincole,ORPR
Oriental,Scops-Owl,ORSO
Oriental,Turtle-Dove,ORTD
Oriente,Warbler,ORWA
Orinoco,Goose,ORGO
Ornate,Hawk-Eagle,ORHE
Osprey,,OSPR
Ou,,OU
Ovenbird,,OVEN
Pacific,Antwren,PAAN
Pacific,Golden-Plover,PAGP
Pacific,Loon,PALO
Pacific,Parakeet,PACP
Pacific,Screech-Owl,PASO
Pacific,Wren,PAWR
Pacific-slope,Flycatcher,PSFL
Paint-billed,Crake,PBCR
Painted,Bunting,PABU
Painted,Parakeet,PAIP
Painted,Redstart,PARE
Pale-bellied,Hermit,PBHE
Pale-billed,Woodpecker,PBIW
Pale-breasted,Spinetail,PBSP
Pale-eyed,Pygmy-Tyrant,PEPT
Pale-vented,Pigeon,PVPI
Pale-vented,Thrush,PVTH
Palila,,PALI
Pallas's,Bunting,PALB
Pallas's Leaf,Warbler,PLEW
Pallas's,Rosefinch,PARO
Palm,Crow,PACR
Palm,Tanager,PATA
Palm,Warbler,PAWA
Palmchat,,PALM
Paltry,Tyrannulet,PATY
Panama,Flycatcher,PAFL
Parakeet,Auklet,PAAU
Parasitic,Jaeger,PAJA
Parkinson's,Petrel,PAPE
Passenger,Pigeon,PAPI
Pearl,Kite,PEKI
Pearly-breasted,Cuckoo,PBCU
Pearly-eyed,Thrasher,PETH
Pechora,Pipit,PEPI
Pectoral,Sandpiper,PESA
Peg-billed,Finch,PBFI
Pelagic,Cormorant,PECO
Peregrine,Falcon,PEFA
Peruvian,Booby,PEBO
Phainopepla,,PHAI
Pheasant,Cuckoo,PHCU
Philadelphia,Vireo,PHVI
Pied,Puffbird,PIPU
Pied,Water-Tyrant,PIWT
Pied,Wheatear,PIWH
Pied-billed,Grebe,PBGR
Pigeon,Guillemot,PIGU
Pileated,Flycatcher,PILF
Pileated,Woodpecker,PIWO
Pin-tailed,Snipe,PTSN
Pin-tailed,Whydah,PTWH
Pine,Bunting,PIBU
Pine,Flycatcher,PINF
Pine,Grosbeak,PIGR
Pine,Siskin,PISI
Pine,Warbler,PIWA
Pink-footed,Goose,PFGO
Pink-footed,Shearwater,PFSH
Pink-headed,Warbler,PHWA
Pinnated,Bittern,PIBI
Pinyon,Jay,PIJA
Piping,Plover,PIPL
Piratic,Flycatcher,PIRF
Pirre,Chlorospingus,PICH
Pirre,Hummingbird,PIHU
Pirre,Warbler,PIRW
Plain,Antvireo,PLAN
Plain,Chachalaca,PLCH
Plain,Pigeon,PLAP
Plain,Xenops,PLXE
Plain-breasted Ground,Dove,PBGD
Plain-brown,Woodcreeper,PBRW
Plain-capped,Starthroat,PCST
Plain-colored,Tanager,PCTA
Plumbeous,Hawk,PLHA
Plumbeous,Kite,PLKI
Plumbeous,Pigeon,PLUP
Plumbeous,Vireo,PLVI
Plumbeous,Warbler,PLUW
Pomarine,Jaeger,POJA
Poo-uli,,POUL
Prairie,Falcon,PRFA
Prairie,Warbler,PRAW
Prong-billed,Barbet,PBBA
Prothonotary,Warbler,PROW
Providence,Petrel,PRPE
Puaiohi,,PUAI
Puerto Rican,Bullfinch,PRBU
Puerto Rican,Emerald,PREM
Puerto Rican,Flycatcher,PRFL
Puerto Rican,Lizard-Cuckoo,PRLC
Puerto Rican,Nightjar,PRNI
Puerto Rican,Oriole,PROR
Puerto Rican,Parakeet,PRPK
Puerto Rican,Parrot,PRPO
Puerto Rican,Screech-Owl,PRSO
Puerto Rican,Spindalis,PRSP
Puerto Rican,Tanager,PRTA
Puerto Rican,Tody,PRTO
Puerto Rican,Vireo,PRVI
Puerto Rican,Woodpecker,PRWO
Purple,Finch,PUFI
Purple,Gallinule,PUGA
Purple,Heron,PUHE
Purple,Honeycreeper,PUHO
Purple,Martin,PUMA
Purple,Sandpiper,PUSA
Purple,Swamphen,PUSW
Purple-crowned,Fairy,PCFA
Purple-throated,Carib,PTCA
Purple-throated,Fruitcrow,PTFR
Purple-throated,Mountain-gem,PTMG
Purple-throated,Woodstar,PTWO
Purplish-backed,Jay,PBJA
Purplish-backed,Quail-Dove,PBQD
Pygmy,Nuthatch,PYNU
Pyrrhuloxia,,PYRR
Razorbill,,RAZO
Red,Avadavat,REAV
Red,Crossbill,RECR
Red,Junglefowl,REJU
Red,Knot,REKN
Red,Phalarope,REPH
Red,Siskin,RESI
Red,Warbler,REWA
Red-and-green,Macaw,RAGM
Red-bellied,Woodpecker,RBWO
Red-billed,Leiothrix,RBLE
Red-billed,Pigeon,RBPI
Red-billed,Scythebill,RBSC
Red-billed,Tropicbird,RBTR
Red-breasted,Chat,RBRC
Red-breasted,Meadowlark,RBRM
Red-breasted,Merganser,RBME
Red-breasted,Nuthatch,RBNU
Red-breasted,Sapsucker,RBSA
Red-capped,Manakin,RCMA
Red-cheeked,Cordonbleu,RCCO
Red-cockaded,Woodpecker,RCWO
Red-crested,Cardinal,RCCA
Red-crowned,Ant-Tanager,RCAT
Red-crowned,Parrot,RCPA
Red-crowned,Woodpecker,RCRW
Red-eyed,Vireo,REVI
Red-faced,Cormorant,RFCO
Red-faced,Spinetail,RFSP
Red-faced,Warbler,RFWA
Red-flanked,Bluetail,RFBL
Red-footed,Booby,RFBO
Red-footed,Falcon,RFFA
Red-fronted,Parrotlet,RFPA
Red-headed,Barbet,RHBA
Red-headed,Tanager,RHTA
Red-headed,Woodpecker,RHWO
Red-legged,Honeycreeper,RLHO
Red-legged,Kittiwake,RLKI
Red-legged,Thrush,RLTH
Red-lored,Parrot,RLPA
Red-naped,Sapsucker,RNSA
Red-necked,Grebe,RNGR
Red-necked,Parrot,RNPA
Red-necked,Phalarope,RNPH
Red-necked,Stint,RNST
Red-rumped,Woodpecker,RRWO
Red-shouldered,Blackbird,RSBL
Red-shouldered,Hawk,RSHA
Red-tailed,Hawk,RTHA
Red-tailed,Tropicbird,RTTR
Red-throated,Ant-Tanager,RTAT
Red-throated,Caracara,RTCA
Red-throated,Loon,RTLO
Red-throated,Pipit,RTPI
Red-vented,Bulbul,RVBU
Red-whiskered,Bulbul,RWBU
Red-winged,Blackbird,RWBL
Reddish,Egret,REEG
Redhead,,REDH
Redwing,,REDW
Reed,Bunting,REBU
Resplendent,Quetzal,REQU
Rhinoceros,Auklet,RHAU
Ridgway's,Hawk,RIHA
Ridgway's,Rail,RIRA
Ring-billed,Gull,RBGU
Ring-necked,Duck,RNDU
Ring-necked,Pheasant,RNEP
Ring-tailed,Pigeon,RTAP
Ringed,Kingfisher,RIKI
Ringed,Storm-Petrel,RISP
River,Warbler,RIWA
Riverside,Wren,RIWR
Rivoli's,Hummingbird,RIHU
Roadside,Hawk,ROHA
Rock,Pigeon,ROPI
Rock,Ptarmigan,ROPT
Rock,Sandpiper,ROSA
Rock,Wren,ROWR
Rook,,ROOK
Rose-bellied,Bunting,RBBU
Rose-breasted,Grosbeak,RBGR
Rose-ringed,Parakeet,RRPA
Rose-throated,Becard,RTBE
Rose-throated,Tanager,RTTA
Roseate,Spoonbill,ROSP
Roseate,Tern,ROST
Ross's,Goose,ROGO
Ross's,Gull,ROGU
Rosy,Thrush-Tanager,ROTT
Rosy-faced,Lovebird,RFLO
Rough-legged,Hawk,RLHA
Rough-legged,Tyrannulet,RLTY
Royal,Flycatcher,ROFL
Royal,Tern,ROYT
Ruby-crowned,Kinglet,RCKI
Ruby-throated,Hummingbird,RTHU
Ruby-topaz,Hummingbird,RTOH
Ruddy,Crake,RUCR
Ruddy,Duck,RUDU
Ruddy,Foliage-gleaner,RUFG
Ruddy Ground,Dove,RGDO
Ruddy,Pigeon,RUDP
Ruddy,Quail-Dove,RUQD
Ruddy,Shelduck,RUSH
Ruddy,Treerunner,RUTR
Ruddy,Turnstone,RUTU
Ruddy,Woodcreeper,RUWO
Ruddy-breasted,Seedeater,RBSE
Ruddy-capped,Nightingale-Thrush,RCNT
Ruddy-tailed,Flycatcher,RDTF
Rufescent,Tiger-Heron,RTHE
Ruff,,RUFF
Ruffed,Grouse,RUGR
Rufous,Hummingbird,RUHU
Rufous,Motmot,RMOT
Rufous,Mourner,RMOU
Rufous,Nightjar,RUNI
Rufous,Piha,RUFP
Rufous,Sabrewing,RUSA
Rufous-and-white,Wren,RAWW
Rufous-backed,Robin,RBRO
Rufous-bellied,Chachalaca,RBEC
Rufous-breasted,Antthrush,RBAN
Rufous-breasted,Hermit,RBHE
Rufous-breasted,Spinetail,RBSP
Rufous-breasted,Wren,RBSW
Rufous-browed,Peppershrike,RBPE
Rufous-browed,Tyrannulet,RBTY
Rufous-browed,Wren,RBWW
Rufous-capped,Brushfinch,RCBR
Rufous-capped,Warbler,RCWA
Rufous-collared,Robin,RCRO
Rufous-collared,Sparrow,RCOS
Rufous-crested,Coquette,RCRC
Rufous-crowned,Sparrow,RCSP
Rufous-naped,Wren,RNAW
Rufous-necked,Wood-Rail,RNWR
Rufous-rumped,Antwren,RRAN
Rufous-tailed,Flycatcher,RFTF
Rufous-tailed,Hummingbird,RTAH
Rufous-tailed,Jacamar,RTJA
Rufous-tailed,Robin,RTRO
Rufous-throated,Solitaire,RTSO
Rufous-vented,Chachalaca,RVCH
Rufous-vented,Ground-Cuckoo,RVGC
Rufous-winged,Antwren,RWAN
Rufous-winged,Sparrow,RWSP
Rufous-winged,Tanager,RWTA
Rufous-winged,Woodpecker,RWWO
Russet,Antshrike,RUAN
Russet,Nightingale-Thrush,RUNT
Russet-crowned,Motmot,RCMO
Russet-crowned,Quail-Dove,RCQD
Russet-naped,Wood-Rail,RSWR
Russet-winged,Schiffornis,RWSC
Rustic,Bunting,RUBU
Rusty,Blackbird,RUBL
Rusty,Sparrow,RUSP
Rusty-crowned,Ground-Sparrow,RCGS
Rusty-margined,Flycatcher,RMFL
Sabine's,Gull,SAGU
Sad,Flycatcher,SAFL
Saffron,Finch,SAFI
Saffron-headed,Parrot,SHPA
Sage,Thrasher,SATH
Sagebrush,Sparrow,SABS
Saltmarsh,Sparrow,SALS
Salvin's,Albatross,SAAL
San Andres,Vireo,SAVI
San Blas,Jay,SBJA
Sanderling,,SAND
Sandhill,Crane,SACR
Sandwich,Tern,SATE
Sapayoa,,SAPA
Sapphire-throated,Hummingbird,SHTH
Savanna,Hawk,SAHA
Savannah,Sparrow,SAVS
Say's,Phoebe,SAPH
Scale-crested,Pygmy-Tyrant,SCPT
Scaled,Antpitta,SCAA
Scaled,Pigeon,SCPI
Scaled,Quail,SCQU
Scaly-breasted,Hummingbird,SBRH
Scaly-breasted,Munia,SBMU
Scaly-breasted,Thrasher,SBTH
Scaly-breasted,Wren,SCBW
Scaly-naped,Pigeon,SNPI
Scaly-throated,Foliage-gleaner,STFG
Scaly-throated,Leaftosser,STLE
Scarlet,Ibis,SCIB
Scarlet,Macaw,SCMA
Scarlet,Tanager,SCTA
Scarlet-browed,Tanager,SBTA
Scarlet-rumped,Cacique,SRCA
Scarlet-rumped,Tanager,SCRT
Scarlet-thighed,Dacnis,STDA
Scintillant,Hummingbird,SCHU
Scissor-tailed,Flycatcher,STFL
Scott's,Oriole,SCOR
Scripps's,Murrelet,SCMU
Scrub,Euphonia,SEUP
Scrub,Greenlet,SCRG
Seaside,Sparrow,SESP
Sedge,Warbler,SEWA
Sedge,Wren,SEWR
Semipalmated,Plover,SEPL
Semipalmated,Sandpiper,SESA
Semiplumbeous,Hawk,SEHA
Semper's,Warbler,SEMW
Sepia-capped,Flycatcher,SECF
Sharp-shinned,Hawk,SSHA
Sharp-tailed,Grouse,STGR
Sharp-tailed,Sandpiper,SPTS
Sharp-tailed,Streamcreeper,STST
Sharpbill,,SHAR
Shining,Honeycreeper,SHHO
Shiny,Cowbird,SHCO
Short-billed,Dowitcher,SBDO
Short-billed,Pigeon,SBPI
Short-crested,Coquette,SCCO
Short-eared,Owl,SEOW
Short-tailed,Albatross,STAL
Short-tailed,Hawk,STHA
Short-tailed,Nighthawk,SHTN
Short-tailed,Shearwater,STTS
Short-tailed,Swift,STSW
Siberian,Accentor,SIAC
Siberian Blue,Robin,SBRO
Siberian,Rubythroat,SIRU
Sick's,Swift,SISW
Sierra Madre,Sparrow,SMSP
Silver-throated,Tanager,STTA
Silvery-fronted,Tapaculo,SFTA
Silvery-throated,Jay,STHJ
Sinaloa,Crow,SICR
Sinaloa,Martin,SIMA
Sinaloa,Wren,SIWR
Singing,Quail,SIQU
Slate-colored,Grosbeak,SCOG
Slate-colored,Seedeater,SCSE
Slate-colored,Solitaire,SCSO
Slate-headed,Tody-Flycatcher,SHTF
Slate-throated,Gnatcatcher,STGN
Slate-throated,Redstart,STRE
Slaty,Antwren,SLAN
Slaty,Finch,SLFI
Slaty,Flowerpiercer,SLFL
Slaty,Spinetail,SLSP
Slaty,Vireo,SLVI
Slaty-backed,Forest-Falcon,SBFF
Slaty-backed,Gull,SBGU
Slaty-backed,Nightingale-Thrush,SBNT
Slaty-breasted,Tinamou,SBTI
Slaty-capped,Flycatcher,SLCF
Slaty-tailed,Trogon,STTR
Slaty-winged,Foliage-gleaner,SWFG
Slender,Sheartail,SLSH
Slender-billed,Curlew,SBCU
Slender-billed,Grackle,SBGR
Slender-billed,Kite,SBKI
Smew,,SMEW
Smith's,Longspur,SMLO
Smoky-brown,Woodpecker,SMBW
Smooth-billed,Ani,SBAN
Snail,Kite,SNKI
Snow,Bunting,SNBU
Snow,Goose,SNGO
Snowcap,,SNOC
Snowy,Cotinga,SNCO
Snowy,Egret,SNEG
Snowy,Owl,SNOW
Snowy,Plover,SNPL
Snowy-bellied,Hummingbird,SBEH
Social,Flycatcher,SOFL
Socorro,Dove,SODO
Socorro,Mockingbird,SOMO
Socorro,Parakeet,SOPA
Socorro,Wren,SOCW
Solitary,Eagle,SOEA
Solitary,Sandpiper,SOSA
Solitary,Snipe,SOSN
Song,Sparrow,SOSP
Song,Thrush,SOTH
Song,Wren,SONW
Sooty,Grouse,SOGR
Sooty,Shearwater,SOSH
Sooty,Tern,SOTE
Sooty,Thrush,SOOT
Sooty-capped,Chlorospingus,SCCH
Sooty-faced,Finch,SFFI
Sooty-headed,Tyrannulet,SHTY
Sooty-headed,Wren,SHWR
Sora,,SORA
South Polar,Skua,SPSK
Southern,Beardless-Tyrannulet,SOBT
Southern,Bentbill,SOBE
Southern,Lapwing,SOLA
Southern,Martin,SOMA
Southern Rough-winged,Swallow,SRWS
Spangle-cheeked,Tanager,SCHT
Sparkling-tailed,Hummingbird,SKTH
Speckled,Mourner,SPMO
Speckled,Tanager,SPTA
Spectacled,Eider,SPEI
Spectacled,Owl,SPEO
Spectacled,Parrotlet,SPPA
Spectacled,Thrush,SPTH
Spiny-faced,Antshrike,SFAN
Spoon-billed,Sandpiper,SBSA
Spot-breasted,Oriole,SBOR
Spot-breasted,Woodpecker,SBWP
Spot-breasted,Wren,SBSW
Spot-crowned,Antvireo,SPCA
Spot-crowned,Barbet,SCBA
Spot-crowned,Euphonia,SPCE
Spot-crowned,Woodcreeper,SCRW
Spot-fronted,Swift,SFSW
Spot-tailed,Nightjar,SPTN
Spotted,Antbird,SPAN
Spotted,Barbtail,SPBA
Spotted,Crake,SPCR
Spotted,Dove,SPDO
Spotted,Flycatcher,SPFL
Spotted,Nightingale-Thrush,SPNT
Spotted,Owl,SPOW
Spotted,Rail,SPRA
Spotted,Redshank,SPRE
Spotted,Sandpiper,SPSA
Spotted,Towhee,SPTO
Spotted,Wood-Quail,SPWQ
Spotted,Woodcreeper,SPWO
Spotted,Wren,SPWR
Sprague's,Pipit,SPPI
Spruce,Grouse,SPGR
Squirrel,Cuckoo,SQCU
St.,,SLBF
St. Lucia,Oriole,SLOR
St. Lucia,Parrot,SLPA
St. Lucia,Warbler,SLWA
St. Vincent,Parrot,SVPA
Stejneger's,Petrel,STPE
Stejneger's,Scoter,STSC
Steller's,Eider,STEI
Steller's,Jay,STJA
Steller's,Sea-Eagle,STSE
Stilt,Sandpiper,STSA
Stolid,Flycatcher,STOF
Stonechat,,STON
Straight-billed,Woodcreeper,SGBW
Streak-backed,Oriole,SBAO
Streak-breasted,Treehunter,SBTR
Streak-chested,Antpitta,SCHA
Streak-crowned,Antvireo,STCA
Streak-headed,Woodcreeper,SHWO
Streaked,Flycatcher,STRF
Streaked,Saltator,SSAL
Streaked,Shearwater,STRS
Streaked,Xenops,STXE
Streamertail,,STRM
Striated,Heron,STRH
Strickland's,Woodpecker,STCW
Stripe-breasted,Wren,SIBW
Stripe-cheeked,Woodpecker,SCHW
Stripe-headed,Sparrow,SHSP
Stripe-tailed,Hummingbird,STHM
Stripe-throated,Hermit,STHR
Stripe-throated,Wren,STWR
Striped,Cuckoo,STCU
Striped,Owl,STRO
Striped,Sparrow,SSPA
Striped,Woodhaunter,STPW
Strong-billed,Woodcreeper,SNBW
Stub-tailed,Spadebill,SBTS
Stygian,Owl,STOW
Sulphur-bellied,Flycatcher,SBFL
Sulphur-rumped,Flycatcher,SRFL
Sulphur-rumped,Tanager,SURT
Sulphur-winged,Parakeet,SWPA
Sumichrast's,Wren,SUWR
Summer,Tanager,SUTA
Sunbittern,,SUNB
Sungrebe,,SUNG
Surf,Scoter,SUSC
Surfbird,,SURF
Swainson's,Hawk,SWHA
Swainson's,Thrush,SWTH
Swainson's,Warbler,SWWA
Swallow,Tanager,SWTA
Swallow-tailed,Gull,STGU
Swallow-tailed,Kite,STKI
Swamp,Sparrow,SWSP
Swinhoe's,Storm-Petrel,SSTP
Tacarcuna,Chlorospingus,TACH
Tacarcuna,Tapaculo,TATA
Tacarcuna,Warbler,TAWA
Tacarcuna,Wood-Quail,TAWQ
Tahiti,Petrel,TAPE
Taiga,Bean-Goose,TABG
Taiga,Flycatcher,TAFL
Talamanca,Hummingbird,TAHU
Tamaulipas,Crow,TACR
Tamaulipas,Pygmy-Owl,TAPO
Tawny-breasted,Flycatcher,TBFL
Tawny-capped,Euphonia,TCEU
Tawny-chested,Flycatcher,TCFL
Tawny-collared,Nightjar,TCNI
Tawny-crested,Tanager,TCTA
Tawny-crowned,Greenlet,TCGR
Tawny-faced,Gnatwren,TFGN
Tawny-faced,Quail,TFQU
Tawny-shouldered,Blackbird,TSBL
Tawny-throated,Leaftosser,TTLE
Tawny-winged,Woodcreeper,TWWO
Temminck's,Stint,TEST
Tennessee,Warbler,TEWA
Terek,Sandpiper,TESA
Thick-billed,Euphonia,TBEU
Thick-billed,Kingbird,TBKI
Thick-billed,Murre,TBMU
Thick-billed,Parrot,TBPA
Thick-billed,Seed-Finch,TBSF
Thick-billed,Vireo,TBVI
Thick-billed,Warbler,TBWA
Thicket,Antpitta,THAN
Thicket,Tinamou,THTI
Three-wattled,Bellbird,TWBE
Timberline,Wren,TIWR
Tiny,Hawk,TIHA
Tody,Motmot,TOMO
Tooth-billed,Hummingbird,TBHU
Torrent,Tyrannulet,TOTY
Townsend's,Shearwater,TOSH
Townsend's,Solitaire,TOSO
Townsend's,Storm-Petrel,TOSP
Townsend's,Warbler,TOWA
Transvolcanic,Jay,TRJA
Tree,Pipit,TRPI
Tree,Swallow,TRES
Tricolored,Blackbird,TRBL
Tricolored,Heron,TRHE
Tricolored,Munia,TRMU
Trindade,Petrel,TRPE
Tristram's,Storm-Petrel,TRSP
Tropical,Gnatcatcher,TRGN
Tropical,Kingbird,TRKI
Tropical,Mockingbird,TRMO
Tropical,Parula,TRPA
Tropical,Pewee,TROP
Tropical,Screech-Owl,TRSO
Trumpeter,Swan,TRUS
Tufted,Duck,TUDU
Tufted,Flycatcher,TUFL
Tufted,Jay,TUJA
Tufted,Puffin,TUPU
Tufted,Titmouse,TUTI
Tundra,Bean-Goose,TUBG
Tundra,Swan,TUSW
Turkey,Vulture,TUVU
Turquoise,Cotinga,TUCO
Turquoise-browed,Motmot,TBMO
Tuxtla,Quail-Dove,TUQD
Ula-ai-hawane,,UAIH
Unicolored,Jay,UNJA
Uniform,Crake,UNIC
Unspotted Saw-whet,Owl,USWO
Upland,Sandpiper,UPSA
Variable,Seedeater,VASE
Varied,Bunting,VABU
Varied,Solitaire,VASO
Varied,Thrush,VATH
Variegated,Flycatcher,VAFL
Vaux's,Swift,VASW
Veery,,VEER
Velvet,Scoter,VESC
Venezuelan,Troupial,VETR
Veraguan,Mango,VEMA
Verdin,,VERD
Vermilion,Flycatcher,VEFL
Vervain,Hummingbird,VEHU
Vesper,Sparrow,VESP
Village,Weaver,VIWE
Violaceous,Quail-Dove,VIQD
Violet,Sabrewing,VISA
Violet-bellied,Hummingbird,VBHU
Violet-capped,Hummingbird,VCAH
Violet-crowned,Hummingbird,VCHU
Violet-green,Swallow,VGSW
Violet-headed,Hummingbird,VHHU
Virginia,Rail,VIRA
Virginia's,Warbler,VIWA
Viridian,Dacnis,VIDA
Vitelline,Warbler,VITW
Volcano,Hummingbird,VOHU
Volcano,Junco,VOJU
Wandering,Albatross,WAAL
Wandering,Tattler,WATA
Warbling,Vireo,WAVI
Wattled,Jacana,WAJA
Waved,Albatross,WAVA
Wedge-billed,Woodcreeper,WBWO
Wedge-rumped,Storm-Petrel,WRSP
Wedge-tailed,Grass-Finch,WTGF
Wedge-tailed,Sabrewing,WTSA
Wedge-tailed,Shearwater,WTSH
West Indian,Whistling-Duck,WIWD
West Indian,Woodpecker,WIWO
West Mexican,Chachalaca,WMCH
Western,Bluebird,WEBL
Western,Chat-Tanager,WECT
Western,Grebe,WEGR
Western,Gull,WEGU
Western,Kingbird,WEKI
Western Marsh,Harrier,WMHA
Western,Meadowlark,WEME
Western,Reef-Heron,WERH
Western,Sandpiper,WESA
Western,Screech-Owl,WESO
Western,Spindalis,WESP
Western,Tanager,WETA
Western,Water-Rail,WEWR
Western,Wood-Pewee,WEWP
Whimbrel,,WHIM
Whiskered,Auklet,WHAU
Whiskered,Screech-Owl,WHSO
Whiskered,Tern,WHST
Whistling,Heron,WHHE
Whistling,Warbler,WHIW
White,Hawk,WHHA
White,Ibis,WHIB
White,Tern,WHTT
White,Wagtail,WHWA
White's,Thrush,WHTH
White-bellied,Antbird,WBEA
White-bellied,Chachalaca,WBCH
White-bellied,Emerald,WBEM
White-bellied,Mountain-gem,WBMG
White-bellied,Wren,WBWR
White-breasted,Nuthatch,WBNU
White-breasted,Thrasher,WBTH
White-breasted,Wood-Wren,WBWW
White-capped,Albatross,WCAL
White-cheeked,Pintail,WCHP
White-chinned,Petrel,WCPE
White-chinned,Swift,WCHS
White-chinned,Thrush,WCTH
White-collared,Manakin,WCOM
White-collared,Swift,WCSW
White-crested,Coquette,WCCO
White-crested,Elaenia,WCEL
White-crowned,Manakin,WCRM
White-crowned,Parrot,WCPA
White-crowned,Pigeon,WCPI
White-crowned,Sparrow,WCSP
White-eared,Conebill,WECO
White-eared,Ground-Sparrow,WEGS
White-eared,Hummingbird,WEHU
White-eyed,Thrush,WETH
White-eyed,Vireo,WEVI
White-faced,Ground-Sparrow,WFGS
White-faced,Ibis,WFIB
White-faced,Quail-Dove,WFAQ
White-faced,Storm-Petrel,WFSP
White-faced,Whistling-Duck,WFWD
White-flanked,Antwren,WFLA
White-fringed,Antwren,WFRA
White-fronted,Nunbird,WFNU
White-fronted,Parrot,WFPA
White-fronted,Quail-Dove,WFRQ
White-fronted,Swift,WFSW
White-headed,Woodpecker,WHWO
White-headed,Wren,WHWR
White-lined,Tanager,WLTA
White-lored,Gnatcatcher,WLGN
White-naped,Brushfinch,WNBR
White-naped,Swift,WNSW
White-necked,Crow,WNCR
White-necked,Jacobin,WNJA
White-necked,Petrel,WNPE
White-necked,Puffbird,WNPU
White-ringed,Flycatcher,WRFL
White-ruffed,Manakin,WRMA
White-rumped,Sandpiper,WRSA
White-rumped,Shama,WRSH
White-shouldered,Tanager,WSTA
White-striped,Woodcreeper,WSWO
White-tailed,Eagle,WTEA
White-tailed,Emerald,WTEM
White-tailed,Hawk,WTHA
White-tailed,Hummingbird,WTAH
White-tailed,Kite,WTKI
White-tailed,Nightjar,WTNI
White-tailed,Ptarmigan,WTPT
White-tailed,Trogon,WTAT
White-tailed,Tropicbird,WTTR
White-thighed,Swallow,WTGS
White-throated,Crake,WTCR
White-throated,Flycatcher,WTFL
White-throated,Jay,WTJA
White-throated,Magpie-Jay,WTMJ
White-throated,Mountain-gem,WTMG
White-throated,Needletail,WTNE
White-throated,Shrike-Tanager,WTST
White-throated,Spadebill,WTRS
White-throated,Sparrow,WTSP
White-throated,Swift,WTSW
White-throated,Thrush,WTTH
White-throated,Towhee,WTTO
White-tipped,Dove,WTDO
White-tipped,Sicklebill,WTSI
White-vented,Euphonia,WVEU
White-vented,Plumeleteer,WVPL
White-whiskered,Puffbird,WWPU
White-winged,Becard,WWBE
White-winged,Crossbill,WWCR
White-winged,Dove,WWDO
White-winged,Parakeet,WWPA
White-winged,Scoter,WWSC
White-winged,Tanager,WWTA
White-winged,Tern,WWTE
White-winged,Warbler,WWWA
Whooper,Swan,WHOS
Whooping,Crane,WHCR
Whooping,Motmot,WHMO
Wild,Turkey,WITU
Willet,,WILL
Williamson's,Sapsucker,WISA
Willow,Flycatcher,WIFL
Willow,Ptarmigan,WIPT
Willow,Warbler,WILW
Wilson's,Phalarope,WIPH
Wilson's,Plover,WIPL
Wilson's,Snipe,WISN
Wilson's,Storm-Petrel,WISP
Wilson's,Warbler,WIWA
Wine-throated,Hummingbird,WTHH
Wing-banded,Antbird,WBAA
Winter,Wren,WIWR
Wood,Duck,WODU
Wood,Sandpiper,WOSA
Wood,Stork,WOST
Wood,Thrush,WOTH
Wood,Warbler,WOWA
Woodhouse's,Scrub-Jay,WOSJ
Worm-eating,Warbler,WEWA
Worthen's,Sparrow,WOSP
Wrenthrush,,WRET
Wrentit,,WREN
Xantus's,Hummingbird,XAHU
Yellow,Bittern,YEBI
Yellow,Grosbeak,YEGR
Yellow,Rail,YERA
Yellow,Tyrannulet,YETY
Yellow,Warbler,YEWA
Yellow-backed,Oriole,YBOR
Yellow-backed,Tanager,YBTA
Yellow-bellied,Elaenia,YBEL
Yellow-bellied,Flycatcher,YBFL
Yellow-bellied,Sapsucker,YBSA
Yellow-bellied,Seedeater,YBSE
Yellow-bellied,Siskin,YBSI
Yellow-bellied,Tyrannulet,YBTY
Yellow-billed,Cacique,YBIC
Yellow-billed,Cardinal,YBCA
Yellow-billed,Cotinga,YBCO
Yellow-billed,Cuckoo,YBCU
Yellow-billed,Loon,YBLO
Yellow-billed,Magpie,YBMA
Yellow-billed,Parrot,YBPA
Yellow-billed,Tern,YBTE
Yellow-breasted,Bunting,YBSB
Yellow-breasted,Chat,YBCH
Yellow-breasted,Crake,YBCR
Yellow-breasted,Flycatcher,YBRF
Yellow-browed,Bunting,YBWB
Yellow-browed,Shrike-Vireo,YBSV
Yellow-browed,Warbler,YBWA
Yellow-collared,Chlorophonia,YCCH
Yellow-crowned,Bishop,YCBI
Yellow-crowned,Euphonia,YCEU
Yellow-crowned,Night-Heron,YCNH
Yellow-crowned,Parrot,YCPA
Yellow-crowned,Tyrannulet,YCTY
Yellow-eared,Toucanet,YETO
Yellow-eyed,Junco,YEJU
Yellow-faced,Grassquit,YFGR
Yellow-footed,Gull,YFGU
Yellow-fronted,Canary,YFCA
Yellow-green,Brushfinch,YGBR
Yellow-green,Grosbeak,YGGR
Yellow-green,Tyrannulet,YGTY
Yellow-green,Vireo,YGVI
Yellow-headed,Blackbird,YHBL
Yellow-headed,Caracara,YHCA
Yellow-headed,Parrot,YHPA
Yellow-headed,Warbler,YHWA
Yellow-hooded,Blackbird,YHOB
Yellow-legged,Gull,YLGU
Yellow-lored,Parrot,YLPA
Yellow-margined,Flycatcher,YMFL
Yellow-naped,Parrot,YNPA
Yellow-nosed,Albatross,YNAL
Yellow-olive,Flycatcher,YOFL
Yellow-rumped,Cacique,YRCA
Yellow-rumped,Warbler,YRWA
Yellow-shouldered,Blackbird,YSBL
Yellow-shouldered,Grassquit,YSGR
Yellow-tailed,Oriole,YTOR
Yellow-thighed,Brushfinch,YTBR
Yellow-throated,Bunting,YTBU
Yellow-throated,Chlorospingus,YTCH
Yellow-throated,Euphonia,YTEU
Yellow-throated,Toucan,YTTO
Yellow-throated,Vireo,YTVI
Yellow-throated,Warbler,YTWA
Yellow-winged,Cacique,YWCA
Yellow-winged,Tanager,YWTA
Yellow-winged,Vireo,YWVI
Yellowish,Flycatcher,YEFL
Yellowish,Pipit,YEPI
Yucatan,Flycatcher,YUFL
Yucatan,Gnatcatcher,YUGN
Yucatan,Jay,YUJA
Yucatan,Nightjar,YUNI
Yucatan,Poorwill,YUPO
Yucatan,Vireo,YUVI
Yucatan,Woodpecker,YUWO
Yucatan,Wren,YUWR
Zapata,Rail,ZARA
Zapata,Sparrow,ZASP
Zapata,Wren,ZAWR
Zebra,Dove,ZEBD
Zeledon's,Antbird,ZEAN
Zenaida,Dove,ZEND
Zino's,Petrel,ZIPE
Zone-tailed,Hawk,ZTHA
